Country,Population,Area_SqKm,Population_Density_PerSqKm
China,1439323776,9640011,149.1832116
India,1380004385,3287590,419.8562144
USA,331002651,9629091,34.3598245
Indonesia,273523615,1910931,143.0920687
Pakistan,220892340,881912,250.4857156
